Count,FirstName,LastName
472,John,Russell
828,John,Ross
644,John,Ross
658,George,Chambers
944,Sophie,King
250,Hannah,Marsh
546,Steve,Bird
453,Frank,King
793,Hannah,Hatfield
198,Carolyn,Chambers
704,Mary,King
182,Carolyn,Bell
207,Hannah,Chambers
917,Carolyn,Russell
855,Frank,Hatfield
438,John,Schmitt
620,John,King
907,Sophie,King
97,George,Schmitt
592,Steve,Russell
914,Steve,Ross
493,Frank,Ross
107,Mary,Chambers
966,John,Bell
984,Steve,Ross
40,Frank,Bell
153,Mark,Hatfield
553,Mary,Ross
676,Steve,Hatfield
412,John,Russell
300,Mark,King
150,John,Hatfield
365,George,Schmitt
927,John,Ross
37,Steve,Marsh
168,George,Bell
81,Mary,Ross
315,Steve,Schmitt
261,John,Ross
807,Carolyn,Ross